,h3_cell,population
0,855894dbfffffff,488.2798616094373
1,85589603fffffff,58104.189250401156
2,85589607fffffff,36344.04007232189
3,8558960bfffffff,29544.439258529077
4,8558960ffffffff,39696.96758006186
5,85589613fffffff,13983.246089093955
6,85589617fffffff,7920.325549149136
7,8558961bfffffff,10231.919501130664
8,8558962bfffffff,14446.174322486546
9,8558963bfffffff,33171.36683763196
10,85589643fffffff,46800.52841890105
11,85589647fffffff,20122.377850902514
12,8558964bfffffff,14655.49656157779
13,8558964ffffffff,46366.939175676955
14,85589653fffffff,56799.0377375934
15,85589657fffffff,88627.12003930076
16,8558965bfffffff,45028.37215946442
17,85589663fffffff,242.63737467924756
18,85589673fffffff,14734.539690118192
19,85589677fffffff,5233.121135771275
20,8558967bfffffff,4172.874993836112
21,85589683fffffff,9905.994092671237
22,85589687fffffff,12520.052979012633
23,8558968bfffffff,8110.145318649032
24,8558968ffffffff,21271.710474962216
25,85589693fffffff,135801.52310278392
26,85589697fffffff,19639.23543829921
27,8558969bfffffff,10158.579009736528
28,855896abfffffff,410.9965856870015
29,855896bbfffffff,1731.3719139302057
30,855896c3fffffff,3626.0669100497144
31,855896c7fffffff,26775.040038796804
32,855896cbfffffff,6780.239191106235
33,855896cffffffff,26464.850708540358
34,855896d3fffffff,6380.460488202777
35,855896d7fffffff,1347.0106693614548
36,855896dbfffffff,5498.681876582753
37,8558b043fffffff,2978.993729941015
38,8558b047fffffff,4.611600220523461
39,8558b04bfffffff,65876.81295577853
40,8558b04ffffffff,1035.5451104124188
41,8558b053fffffff,3114.2560579114042
42,8558b057fffffff,145.47412586212158
43,8558b05bfffffff,11699.147524779497
44,8558b0c3fffffff,212.77773102125647
45,8558b0cbfffffff,15412.129486762433
46,8558b0cffffffff,32.751277923583984
47,8558b0d3fffffff,3982.9132304921072
48,8558b0dbfffffff,16435.611806432495
49,8558b203fffffff,18244.481264079277
50,8558b207fffffff,5315.726234873555
51,8558b20bfffffff,9869.228511168116
52,8558b20ffffffff,16707.156865869958
53,8558b213fffffff,1658.8594190704955
54,8558b217fffffff,7229.108320697722
55,8558b21bfffffff,12266.094850226973
56,8558b243fffffff,6196.756804519841
57,8558b247fffffff,20673.357918975616
58,8558b24bfffffff,2796.708745382625
59,8558b24ffffffff,23094.533432639135
60,8558b253fffffff,2069.1510209459116
61,8558b257fffffff,15663.681582392417
62,8558b25bfffffff,2671.960768870938
63,8558b26bfffffff,865.7701368331909
64,8558b273fffffff,29586.069859762985
65,8558b27bfffffff,36850.811231695865
66,8558b283fffffff,7366.794242840699
67,8558b287fffffff,4248.6628046098
68,8558b28bfffffff,9277.492710254812
69,8558b28ffffffff,3078.8341013920094
70,8558b293fffffff,8338.727867190168
71,8558b297fffffff,8854.733986621153
72,8558b29bfffffff,6920.470862980087
73,8558b2b3fffffff,31.87050938614077
74,8558b2bbfffffff,13472.01436254674
75,8558b2c3fffffff,5071.470374311471
76,8558b2c7fffffff,10852.554427947516
77,8558b2cbfffffff,3603.0568152809096
78,8558b2cffffffff,4946.288884170795
79,8558b2d3fffffff,9558.64752159228
80,8558b2d7fffffff,51032.99091914153
81,8558b2dbfffffff,9857.132068580702
82,8558b403fffffff,9896.793064713478
83,8558b407fffffff,2674.3519146246604
84,8558b40bfffffff,12718.812760482251
85,8558b40ffffffff,20042.590232711398
86,8558b413fffffff,6477.888310770704
87,8558b417fffffff,9681.516464018765
88,8558b41bfffffff,16855.941094858637
89,8558b43bfffffff,1397.5415140787761
90,8558b443fffffff,17490.791685322947
91,8558b447fffffff,7942.687054216862
92,8558b44bfffffff,8648.640022448759
93,8558b44ffffffff,15560.447259744611
94,8558b453fffffff,9674.7171346252
95,8558b457fffffff,10793.616210639502
96,8558b45bfffffff,7489.467492977813
97,8558b463fffffff,17586.101817647886
98,8558b467fffffff,89.11085923512778
99,8558b46bfffffff,9366.849164486886
100,8558b46ffffffff,3100.389743626306
101,8558b473fffffff,10908.829100887522
102,8558b477fffffff,28699.87701515357
103,8558b47bfffffff,7311.830410878863
104,8558b483fffffff,11024.977564058536
105,8558b487fffffff,9632.019983294154
106,8558b48bfffffff,6766.5191598245065
107,8558b48ffffffff,12347.502204951232
108,8558b493fffffff,5059.58710975202
109,8558b497fffffff,4934.512401979682
110,8558b49bfffffff,8500.78606858513
111,8558b4abfffffff,1857.4048927251786
112,8558b4b3fffffff,5424.764082740587
113,8558b4bbfffffff,30069.44890753589
114,8558b4c3fffffff,5877.838798970853
115,8558b4c7fffffff,9290.38227880374
116,8558b4cbfffffff,7544.023172257351
117,8558b4cffffffff,112059.04165448992
118,8558b4d3fffffff,12774.346591850324
119,8558b4d7fffffff,12998.940937430196
120,8558b4dbfffffff,2915.6004352088285
121,8558b603fffffff,15355.41131039489
122,8558b607fffffff,38889.175889753766
123,8558b60bfffffff,18672.651474757673
124,8558b60ffffffff,43295.24858154558
125,8558b613fffffff,11236.243916650614
126,8558b617fffffff,20290.880626618862
127,8558b61bfffffff,9451.067588468928
128,8558b623fffffff,15903.238115830334
129,8558b627fffffff,58954.71272687232
130,8558b62bfffffff,6351.512762887804
131,8558b62ffffffff,8256.505687754436
132,8558b633fffffff,9393.608422499607
133,8558b637fffffff,18872.06659134229
134,8558b63bfffffff,9652.01894249448
135,8558b643fffffff,12264.18519346223
136,8558b647fffffff,9565.800565345671
137,8558b64bfffffff,5671.446459144774
138,8558b64ffffffff,15096.720303748938
139,8558b653fffffff,13832.558675530086
140,8558b657fffffff,5133.80705376848
141,8558b65bfffffff,4352.105166903728
142,8558b663fffffff,4250.055939999214
143,8558b667fffffff,10523.074742179388
144,8558b66bfffffff,14839.373178941187
145,8558b66ffffffff,7180.987975103756
146,8558b673fffffff,20013.579798282382
147,8558b677fffffff,10687.532942461714
148,8558b67bfffffff,23169.990460120087
149,8558b683fffffff,3031.913073022629
150,8558b687fffffff,11722.198087911633
151,8558b68bfffffff,5415.702968893467
152,8558b68ffffffff,6448.148610532884
153,8558b693fffffff,968.2399345654751
154,8558b697fffffff,4493.815337044314
155,8558b69bfffffff,1051.6957529984516
156,8558b6a3fffffff,75354.79908074441
157,8558b6a7fffffff,7676.1995645968245
158,8558b6abfffffff,25458.826245348217
159,8558b6affffffff,27077.753420955203
160,8558b6b3fffffff,17649.064516345697
161,8558b6b7fffffff,8234.659965777211
162,8558b6bbfffffff,12590.880457640453
163,8558b6c3fffffff,4520.786880278434
164,8558b6c7fffffff,4767.313456508388
165,8558b6cbfffffff,64954.00141891211
166,8558b6cffffffff,4257.462825567901
167,8558b6d3fffffff,250.8118197322711
168,8558b6d7fffffff,1686.7633014642809
169,8558b6dbfffffff,517.6353038869229
170,85599207fffffff,68.84512201944987
171,8559920ffffffff,935.4342908461889
172,85599223fffffff,13569.862087845819
173,85599227fffffff,6560.471651952654
174,8559922bfffffff,18788.55192208481
175,8559922ffffffff,6342.585825871757
176,8559923bfffffff,14206.604344013469
177,85599263fffffff,27107.636786502262
178,85599267fffffff,13802.05611885955
179,8559926bfffffff,24561.876001328863
180,8559926ffffffff,48926.8406678446
181,85599273fffffff,1061.4460837155511
182,85599277fffffff,41838.42568931003
183,8559927bfffffff,6139.537390998828
184,8559930bfffffff,2497.6213773706295
185,8559930ffffffff,771.1486797952539
186,85599323fffffff,925.0899891369306
187,85599327fffffff,438.7779495717561
188,8559932bfffffff,1287.4129852506226
189,8559932ffffffff,921.7446538922331
190,8559933bfffffff,615.7782235154111
191,85599343fffffff,7551.37153941042
192,85599347fffffff,9645.04310451206
193,8559934bfffffff,3594.6926107828076
194,8559934ffffffff,1474.6115575945878
195,85599353fffffff,4038.3779495776957
196,85599357fffffff,18565.389955840343
197,8559935bfffffff,5707.755857261755
198,85599363fffffff,2781.580889077195
199,85599367fffffff,1124.0339819219262
200,8559936bfffffff,11855.760404654251
201,8559936ffffffff,2029.5580053663898
202,85599373fffffff,36561.8299861562
203,85599377fffffff,1468.7210328903557
204,8559937bfffffff,6240.819388472113
205,8559980bfffffff,18406.46065235138
206,8559980ffffffff,2690.7566016043224
207,85599843fffffff,30611.483359439368
208,85599847fffffff,50501.630534354794
209,8559984bfffffff,2550.672007556711
210,8559984ffffffff,47699.49265726428
211,85599853fffffff,39655.68489351442
212,85599857fffffff,113004.57774829937
213,8559985bfffffff,82575.6018863793
214,8559986bfffffff,14.863693555196127
215,85599873fffffff,32466.334968360763
216,8559987bfffffff,32859.90012979509
217,855998cffffffff,58.90412394205729
218,85599a03fffffff,6723.962296509832
219,85599a07fffffff,16186.161904554414
220,85599a0bfffffff,4840.120355351331
221,85599a0ffffffff,4789.441557340095
222,85599a13fffffff,33161.03820699623
223,85599a17fffffff,15123.591114079712
224,85599a1bfffffff,8964.884191801542
225,85599a23fffffff,14929.980568528254
226,85599a27fffffff,10036.461251828803
227,85599a2bfffffff,9319.336797873739
228,85599a2ffffffff,7484.712665776412
229,85599a33fffffff,28113.25675912698
230,85599a37fffffff,15140.760681660273
231,85599a3bfffffff,10828.713257731422
232,85599a43fffffff,3115.196770785873
233,85599a47fffffff,2086.999422405346
234,85599a4bfffffff,12769.378872763224
235,85599a4ffffffff,12061.36616041136
236,85599a53fffffff,7449.795869345465
237,85599a57fffffff,2093.872799400054
238,85599a5bfffffff,2556.35263650481
239,85599a63fffffff,45599.64059073633
240,85599a67fffffff,13773.021265817486
241,85599a6bfffffff,16622.68711547701
242,85599a6ffffffff,11135.393628719341
243,85599a73fffffff,4451.152386704365
244,85599a77fffffff,6995.447203721172
245,85599a7bfffffff,46992.944901288254
246,85599a83fffffff,544.7897037989944
247,85599a87fffffff,6190.006490054585
248,85599a8bfffffff,5058.677959901262
249,85599a8ffffffff,35334.73553095231
250,85599a93fffffff,35758.9885728158
251,85599a97fffffff,34021.39188156525
252,85599a9bfffffff,9682.771012140676
253,85599aa3fffffff,22144.411963805112
254,85599aa7fffffff,25303.4721962487
255,85599aabfffffff,12845.716408939723
256,85599aaffffffff,18437.552184455435
257,85599ab3fffffff,10340.331924137126
258,85599ab7fffffff,13803.47387667998
259,85599abbfffffff,62120.541320692726
260,85599ac3fffffff,78317.19751557829
261,85599ac7fffffff,15134.315931377525
262,85599acbfffffff,31209.818847795497
263,85599acffffffff,17694.867183392562
264,85599ad3fffffff,6958.655326265652
265,85599ad7fffffff,2307.695674283556
266,85599adbfffffff,7100.739080537028
267,85599b43fffffff,28749.72674499027
268,85599b4bfffffff,7189.023324620688
269,85599b4ffffffff,1025.2867360115843
270,85599b53fffffff,26940.75230069955
271,85599b57fffffff,6776.231634298961
272,85599b5bfffffff,4854.858954161481
273,85599bc3fffffff,4807.850729544957
274,85599bcbfffffff,13988.915236210247
275,85599bcffffffff,2330.2519993988312
276,85599bd3fffffff,29145.069586674374
277,85599bdbfffffff,22910.045699054026
278,85599e0bfffffff,29237.023464362064
279,85599e0ffffffff,10329.8477871418
280,85599e23fffffff,138.49855047491613
281,85599e27fffffff,10010.324975381956
282,85599e2bfffffff,43010.88295837481
283,85599e2ffffffff,9263.50060330853
284,85599e3bfffffff,371.59251403808594
285,85599e43fffffff,21526.07588338447
286,85599e47fffffff,70919.58206609944
287,85599e4bfffffff,22562.299187315624
288,85599e4ffffffff,14701.726955086404
289,85599e53fffffff,2436.327947181042
290,85599e57fffffff,1890.3068440674158
291,85599e5bfffffff,2571.0939763354854
292,85599e63fffffff,127869.23779700242
293,85599e67fffffff,110367.82088867827
294,85599e6bfffffff,612.71288449626
295,85599e6ffffffff,37429.501944225216
296,85599e73fffffff,49122.11512080964
297,85599e77fffffff,91367.27840964001
298,85599e7bfffffff,8803.865732228012
299,85750037fffffff,1734.0702092849642
300,857500a3fffffff,624.2708853686541
301,857500a7fffffff,11550.97425229535
302,857500affffffff,4435.9348366760805
303,857500b3fffffff,475.34987193346024
304,857500b7fffffff,68385.93309623892
305,85750103fffffff,9364.433439135593
306,85750107fffffff,43201.006593081205
307,8575010bfffffff,18134.65725346965
308,8575010ffffffff,3490.576019140277
309,85750113fffffff,10915.40533952962
310,85750117fffffff,48370.39977669716
311,8575011bfffffff,8824.847472752359
312,85750123fffffff,20434.036777012672
313,85750127fffffff,22269.54011520113
314,8575012bfffffff,9827.910237029471
315,8575012ffffffff,18189.28179595021
316,85750133fffffff,40689.46577270826
317,85750137fffffff,18545.540344178677
318,8575013bfffffff,5461.0348113780865
319,85750143fffffff,33710.405677497416
320,85750147fffffff,15301.4736089508
321,8575014bfffffff,192.475767771403
322,8575014ffffffff,7369.916694790163
323,85750153fffffff,5803.350979515161
324,85750157fffffff,5859.445501663189
325,8575015bfffffff,655.2880791227022
326,85750163fffffff,17500.54756806436
327,85750167fffffff,6274.0340678881375
328,8575016bfffffff,6189.375260930041
329,8575016ffffffff,19020.46555841113
330,85750173fffffff,9026.952879449158
331,85750177fffffff,13921.292122120734
332,8575017bfffffff,11455.697518032059
333,85750183fffffff,5705.242428769868
334,85750187fffffff,51971.4688404516
335,8575018bfffffff,4366.86280143261
336,8575018ffffffff,8881.470104167882
337,85750193fffffff,9301.00455468893
338,85750197fffffff,8823.416783245942
339,8575019bfffffff,9606.364011605581
340,857501a3fffffff,16447.94072149229
341,857501a7fffffff,7344.009749522029
342,857501abfffffff,36675.98287332187
343,857501affffffff,17524.970885535724
344,857501b3fffffff,24045.146308143932
345,857501b7fffffff,15196.434526921494
346,857501bbfffffff,34468.19119914375
347,857501c3fffffff,39238.34292614099
348,857501c7fffffff,9757.095387871115
349,857501cbfffffff,73169.24264425048
350,857501cffffffff,3313.251462535864
351,857501d3fffffff,17188.191092921883
352,857501d7fffffff,34006.29670297631
353,857501dbfffffff,9828.323575418315
354,857503a7fffffff,32081.458395322163
355,857503b7fffffff,6639.845431327863
356,85750497fffffff,217.04530927538872
357,857504a7fffffff,27.04334375281801
358,857504b3fffffff,314.77334767580936
359,857504b7fffffff,76.98463337631512
360,85750503fffffff,2244.660198630135
361,85750507fffffff,6738.445309083131
362,8575050bfffffff,20176.810351032247
363,8575050ffffffff,3415.4370269323795
364,85750513fffffff,28110.848546651752
365,85750517fffffff,24242.14634855341
366,8575051bfffffff,7432.789480322392
367,85750523fffffff,56599.06957235029
368,85750527fffffff,18055.032401142882
369,8575052bfffffff,204880.00897598267
370,8575052ffffffff,84273.77816605582
371,85750533fffffff,11420.63361070672
372,85750537fffffff,6746.675814829573
373,8575053bfffffff,5012.314005385982
374,85750543fffffff,24181.691529901298
375,85750547fffffff,15431.732374561147
376,8575054bfffffff,16.844287494818367
377,8575054ffffffff,15804.18887528583
378,85750553fffffff,52969.65826952503
379,85750557fffffff,17007.76078303961
380,85750563fffffff,136198.50867578443
381,85750567fffffff,28162.650802275322
382,8575056bfffffff,18207.128459505177
383,8575056ffffffff,14679.023112575554
384,85750573fffffff,4235.606063940328
385,85750577fffffff,2033.070391152672
386,8575057bfffffff,6849.191305752417
387,85750583fffffff,1509.0477845401754
388,85750587fffffff,11692.619190530704
389,8575058bfffffff,4512.99443755754
390,8575058ffffffff,9323.962062931507
391,85750593fffffff,1881.972781783913
392,85750597fffffff,10259.759515150121
393,8575059bfffffff,1328.515589098983
394,857505a3fffffff,188631.22845125326
395,857505a7fffffff,73978.90187298333
396,857505abfffffff,11713.67320807775
397,857505affffffff,13866.192417562803
398,857505b3fffffff,14747.834338834517
399,857505b7fffffff,88006.10699762982
400,857505bbfffffff,89394.09967699785
401,857505c3fffffff,5222.92388149721
402,857505c7fffffff,11277.401711111916
403,857505cbfffffff,3018.498911668537
404,857505cffffffff,11865.904502014346
405,857505d3fffffff,1366.3545543179669
406,857505d7fffffff,8476.445602927099
407,857505dbfffffff,2170.93645377959
408,85750803fffffff,8135.136144817856
409,85750807fffffff,4788.1279180052015
410,8575080bfffffff,7200.4948807560895
411,8575080ffffffff,3665.909064572943
412,85750813fffffff,4962.214410980542
413,85750817fffffff,12795.107072353363
414,8575081bfffffff,21110.692592144012
415,85750823fffffff,11374.306922336673
416,85750827fffffff,17215.754937539168
417,8575082bfffffff,40663.27506169418
418,8575082ffffffff,34967.44690032806
419,85750833fffffff,20286.292024708528
420,85750837fffffff,11605.894800282676
421,8575083bfffffff,9381.6914490672
422,85750843fffffff,10308.8476211931
423,85750847fffffff,3501.8475262125335
424,8575084ffffffff,21464.41944849656
425,85750853fffffff,7556.236566086621
426,85750857fffffff,10820.544324254675
427,8575085bfffffff,1354.18359606511
428,85750863fffffff,18136.31574935574
429,85750867fffffff,18907.783829992797
430,8575086bfffffff,24605.897097745496
431,8575086ffffffff,8428.784192625606
432,85750873fffffff,2933.736489097885
433,85750877fffffff,39908.80534943334
434,8575087bfffffff,5947.661958201672
435,85750883fffffff,14190.617525696754
436,85750887fffffff,25668.83312556728
437,8575088bfffffff,11341.045120726045
438,8575088ffffffff,42051.943054835
439,85750893fffffff,28940.976038377685
440,85750897fffffff,67596.11786818507
441,8575089bfffffff,23888.616905014434
442,857508a3fffffff,26648.788136079005
443,857508a7fffffff,14427.075729313809
444,857508abfffffff,12504.103419305759
445,857508affffffff,13250.42211341944
446,857508b3fffffff,191091.99554980808
447,857508b7fffffff,11573.39519578343
448,857508bbfffffff,9802.288211526413
449,857508c3fffffff,18715.35736521086
450,857508c7fffffff,4314.643708268958
451,857508cbfffffff,8155.1996019285025
452,857508cffffffff,14565.552014312276
453,857508d3fffffff,41210.31338441447
454,857508d7fffffff,9602.099115810403
455,857508dbfffffff,8902.037871003688
456,85750953fffffff,5014.335143407782
457,8575095bfffffff,897.6761298179626
458,857509c3fffffff,63815.33664546766
459,857509cbfffffff,24303.125136162642
460,857509cffffffff,13130.394647399618
461,857509d3fffffff,37732.593798540984
462,857509d7fffffff,282281.6276910305
463,857509dbfffffff,19244.309172973622
464,85750a93fffffff,22.613210678100586
465,85750aa7fffffff,8441.363229983355
466,85750ab7fffffff,323.8767092041018
467,85750bd3fffffff,9394.63062374566
468,85750c03fffffff,24948.349693894448
469,85750c07fffffff,37187.06093766457
470,85750c0bfffffff,24630.215049165123
471,85750c0ffffffff,6367.204573052795
472,85750c13fffffff,25112.818903933083
473,85750c17fffffff,7762.292374872451
474,85750c1bfffffff,15631.788871951878
475,85750c23fffffff,11884.28121859042
476,85750c27fffffff,10739.580464413188
477,85750c2bfffffff,41051.65533036136
478,85750c2ffffffff,13827.3955914014
479,85750c33fffffff,30381.664328797287
480,85750c37fffffff,7402.6204755916915
481,85750c3bfffffff,24897.43668568162
482,85750c43fffffff,25582.29704392702
483,85750c47fffffff,12913.016964510036
484,85750c4bfffffff,55531.411994558555
485,85750c4ffffffff,1255.6519443703532
486,85750c53fffffff,15153.328623623365
487,85750c57fffffff,59693.44337642498
488,85750c5bfffffff,14754.867701274452
489,85750c63fffffff,11214.343896518974
490,85750c67fffffff,17631.230837703675
491,85750c6bfffffff,18599.131860107773
492,85750c6ffffffff,11197.486405789949
493,85750c73fffffff,24466.345222234748
494,85750c77fffffff,26328.132439116638
495,85750c7bfffffff,17069.5018947218
496,85750c83fffffff,19413.672649842818
497,85750c87fffffff,51377.13132858256
498,85750c8bfffffff,64586.364936954495
499,85750c8ffffffff,15212.228174247093
500,85750c93fffffff,32376.952075221725
501,85750c97fffffff,39011.538900726155
502,85750c9bfffffff,43460.44877100538
503,85750ca3fffffff,20471.541694940675
504,85750ca7fffffff,20794.82104708751
505,85750cabfffffff,74127.3540100257
506,85750caffffffff,31844.570272470515
507,85750cb3fffffff,49366.04848853997
508,85750cb7fffffff,8740.819990794329
509,85750cbbfffffff,15603.917516372732
510,85750cc3fffffff,16336.783040086611
511,85750cc7fffffff,10009.042221277808
512,85750ccbfffffff,82866.36331266239
513,85750ccffffffff,24948.181429970973
514,85750cd3fffffff,38574.635763527745
515,85750cd7fffffff,9716.302819550037
516,85750cdbfffffff,14183.766375006633
517,85750d03fffffff,6604.228371745102
518,85750d07fffffff,41437.12369059053
519,85750d0bfffffff,14359.082209469432
520,85750d0ffffffff,10590.488086009913
521,85750d13fffffff,11566.436485606528
522,85750d17fffffff,15589.773274927036
523,85750d1bfffffff,32205.94531839903
524,85750d2bfffffff,6958.347716967265
525,85750d33fffffff,233775.15095233917
526,85750d3bfffffff,59260.72385357096
527,85750d43fffffff,3541.093947889271
528,85750d47fffffff,2738.2472422737
529,85750d4bfffffff,34896.1396138285
530,85750d4ffffffff,10741.859278312724
531,85750d53fffffff,14603.992734038979
532,85750d57fffffff,20343.602314831725
533,85750d5bfffffff,18984.25017186606
534,85750d63fffffff,47919.87725345372
535,85750d67fffffff,52136.06174070659
536,85750d6bfffffff,18915.825772258042
537,85750d6ffffffff,273925.6707705679
538,85750d73fffffff,11620.15194677635
539,85750d77fffffff,50279.70661574964
540,85750d7bfffffff,1688.0004512151913
541,85750d83fffffff,21588.830717595367
542,85750d87fffffff,49997.56798570993
543,85750d8bfffffff,4133.700678348662
544,85750d8ffffffff,8998.798186341031
545,85750d93fffffff,24145.09464939621
546,85750d97fffffff,15460.95534771988
547,85750d9bfffffff,69692.45658435026
548,85750da3fffffff,69087.40415163834
549,85750dabfffffff,76941.92815935749
550,85750daffffffff,50902.09131066004
551,85750db3fffffff,70939.05633892817
552,85750db7fffffff,62730.03667225639
553,85750dbbfffffff,43788.78733530801
554,85750dc3fffffff,49357.209155003824
555,85750dc7fffffff,37146.494918622746
556,85750dcbfffffff,6204.090977545085
557,85750dcffffffff,23921.139625623935
558,85750dd3fffffff,15624.410881025104
559,85750dd7fffffff,15401.718003034859
560,85750ddbfffffff,10722.859364770253
561,85750e03fffffff,24433.39200855325
562,85750e07fffffff,18362.182191660253
563,85750e0bfffffff,12442.15631984687
564,85750e0ffffffff,4233.272236568064
565,85750e13fffffff,20670.473336617153
566,85750e17fffffff,18017.81929659856
567,85750e1bfffffff,14523.894991438654
568,85750e23fffffff,26565.02341588506
569,85750e27fffffff,16312.66564812263
570,85750e2bfffffff,440.117470741272
571,85750e2ffffffff,2847.469246924398
572,85750e33fffffff,19234.882166465726
573,85750e37fffffff,17426.201926623882
574,85750e3bfffffff,9089.022549113031
575,85750e57fffffff,1487.8575894037883
576,85750e77fffffff,315.99560113781
577,85750e83fffffff,17246.87562628667
578,85750e87fffffff,11703.561433196068
579,85750e8bfffffff,39966.89365553888
580,85750e8ffffffff,21521.497158189613
581,85750e93fffffff,50929.696047445155
582,85750e97fffffff,15613.769200564817
583,85750e9bfffffff,9616.386654995362
584,85750ea3fffffff,15566.689079006514
585,85750ea7fffffff,8463.857102553324
586,85750eabfffffff,4953.750631174178
587,85750eaffffffff,10261.324554324283
588,85750eb3fffffff,13365.118165018954
589,85750eb7fffffff,5403.897481540952
590,85750ebbfffffff,5758.829584977692
591,85750ec3fffffff,3389.6887496711206
592,85750ec7fffffff,19762.05621520876
593,85750ecbfffffff,3816.6788230339685
594,85750ecffffffff,13050.539721488953
595,85750ed3fffffff,9413.497433890132
596,85750ed7fffffff,15403.99023220975
597,85750edbfffffff,4681.137495009229
598,85752003fffffff,1019.8904772728648
599,85752007fffffff,127.68690154056364
600,8575200bfffffff,88.5398835244993
601,8575200ffffffff,586.3873870495737
602,85752013fffffff,1446.705088885449
603,85752017fffffff,649.5493286256185
604,8575201bfffffff,16.85608699948172
605,85752023fffffff,519.0669767665368
606,85752027fffffff,694.5783513013514
607,8575202bfffffff,1789.2849780846516
608,8575202ffffffff,1124.8499071812732
609,85752033fffffff,5852.475653853015
610,85752037fffffff,292.4959462100931
611,8575203bfffffff,1193.3605295433915
612,85752043fffffff,8.60243877780651
613,85752047fffffff,74.1134943666431
614,8575204bfffffff,994.0740344133574
615,8575204ffffffff,37.88473619029704
616,85752053fffffff,5.050720304477467
617,85752057fffffff,31.182260990301337
618,8575205bfffffff,202.28475445060027
619,85752063fffffff,780.9579988743976
620,85752067fffffff,38373.38707048867
621,8575206bfffffff,460.0002627145728
622,8575206ffffffff,393.5387080322158
623,85752073fffffff,4592.988531308389
624,85752077fffffff,13070.696162772063
625,8575207bfffffff,607.7748210829766
626,85752083fffffff,1592.2652578184511
627,85752087fffffff,27481.10724435225
628,8575208bfffffff,49.0499262216365
629,8575208ffffffff,1454.4573256083258
630,85752093fffffff,1994.950906735893
631,85752097fffffff,7432.550861834068
632,8575209bfffffff,267.3457059264183
633,857520a3fffffff,180.94439960536167
634,857520a7fffffff,7219.430531272192
635,857520abfffffff,428.1878726898581
636,857520affffffff,1167.3416718185242
637,857520b3fffffff,5610.1997063611025
638,857520b7fffffff,2027.8803659966898
639,857520bbfffffff,959.8305902568792
640,857520c3fffffff,19.673063224022755
641,857520c7fffffff,5.606987416768671
642,857520cbfffffff,563.3582301353656
643,857520cffffffff,65.98568224949065
644,857520d3fffffff,2157.017965497146
645,857520d7fffffff,20.139338850975037
646,857520dbfffffff,1479.7019983339924
647,85752103fffffff,957.4648910880468
648,85752107fffffff,6767.139318338531
649,8575210bfffffff,1046.9602112891018
650,8575210ffffffff,1532.1648121190335
651,85752113fffffff,11274.60971452907
652,85752117fffffff,1917.2360478239846
653,8575211bfffffff,6000.832165919027
654,85752123fffffff,1768.6605885159752
655,85752127fffffff,4314.110327553867
656,8575212bfffffff,2382.5599609318556
657,8575212ffffffff,3086.6561005321378
658,85752133fffffff,2490.733053671539
659,85752137fffffff,2591.982309798801
660,8575213bfffffff,1863.0918322905638
661,85752143fffffff,5931.499032554047
662,85752147fffffff,629.2279584331294
663,8575214bfffffff,3261.8487971735253
664,8575214ffffffff,3895.753722201837
665,85752153fffffff,37748.79878940577
666,85752157fffffff,1186.081992797455
667,8575215bfffffff,13915.70438197015
668,85752163fffffff,599.0871938822364
669,85752167fffffff,1276.638938370986
670,8575216bfffffff,682.5415305163874
671,8575216ffffffff,984.1643566360378
672,85752173fffffff,1127.471426450433
673,85752177fffffff,1615.5780073213598
674,8575217bfffffff,623.8291123325073
675,85752183fffffff,1109.9078988085425
676,85752187fffffff,1245.5627614509915
677,8575218bfffffff,2226.494126372139
678,8575218ffffffff,1591.897177281165
679,85752193fffffff,98.68668930763845
680,85752197fffffff,1216.8728979141204
681,8575219bfffffff,509.2648092914895
682,857521a3fffffff,3066.424238324299
683,857521a7fffffff,4589.232209057995
684,857521abfffffff,2001.2083904306128
685,857521affffffff,1012.605543276313
686,857521b3fffffff,2455.3900129920617
687,857521b7fffffff,3307.211863126163
688,857521bbfffffff,2318.936441775922
689,857521c3fffffff,1790.6216316892799
690,857521c7fffffff,4657.839612723475
691,857521cbfffffff,1430.9729812472526
692,857521cffffffff,1557.5222162030677
693,857521d3fffffff,3463.7846340613614
694,857521d7fffffff,814.1250096170706
695,857521dbfffffff,1111.621159422259
696,85752203fffffff,3713.634835237287
697,85752207fffffff,2718.2574662504758
698,8575220bfffffff,24.888147274653118
699,8575220ffffffff,664.1772458167466
700,85752213fffffff,6739.248015745541
701,85752217fffffff,3839.4539331740057
702,8575221bfffffff,500.6255665232499
703,85752223fffffff,52971.24266968256
704,85752227fffffff,2869.3903322825327
705,8575222bfffffff,476.46542181205245
706,8575222ffffffff,793.78330772392
707,85752233fffffff,4907.043369872497
708,85752237fffffff,1404.1651445764678
709,8575223bfffffff,1701.7249026988918
710,85752277fffffff,447.81768293226764
711,85752283fffffff,10931.200584276901
712,85752287fffffff,4950.766403866742
713,8575228bfffffff,6293.218755330632
714,8575228ffffffff,17419.794137626835
715,85752293fffffff,6254.651489895099
716,85752297fffffff,2449.8749148355346
717,8575229bfffffff,19480.30888568824
718,857522a3fffffff,2621.5655467148667
719,857522a7fffffff,141.00532547664147
720,857522abfffffff,36670.55566166095
721,857522affffffff,2777.0688032629014
722,857522b3fffffff,109.86384803067304
723,857522b7fffffff,377.35825836266895
724,857522bbfffffff,5162.868297906697
725,857522c3fffffff,1449.5990159119274
726,857522c7fffffff,9037.392145324588
727,857522cffffffff,26.783434808428787
728,857522d3fffffff,9559.397259436051
729,857522d7fffffff,8004.984509761812
730,85752303fffffff,2310.9399765931107
731,85752307fffffff,412.6606131199695
732,8575230bfffffff,7555.719201288664
733,8575230ffffffff,1354.170878848388
734,85752313fffffff,284.22919626110127
735,85752317fffffff,399.4320112722475
736,8575231bfffffff,723.9033305697112
737,85752323fffffff,2469.124708314806
738,85752327fffffff,3292.5237369840934
739,8575232bfffffff,11494.042166372865
740,8575232ffffffff,2644.44299033509
741,85752333fffffff,541.355148366129
742,85752337fffffff,1270.9812206094064
743,8575233bfffffff,1481.7223686990817
744,85752343fffffff,61.21696337686756
745,85752347fffffff,411.4121540139382
746,8575234bfffffff,469.74273908209375
747,8575234ffffffff,146.50295277602746
748,85752353fffffff,2027.271376005935
749,85752357fffffff,5261.302247849774
750,8575235bfffffff,154.4482825501955
751,85752363fffffff,3926.4001224747417
752,85752367fffffff,1248.1407553761987
753,8575236bfffffff,158.71893769524496
754,8575236ffffffff,10096.13353943065
755,85752373fffffff,816.9100710070859
756,85752377fffffff,20192.570789973608
757,8575237bfffffff,142.8274294936743
758,85752383fffffff,553.2017182608591
759,85752387fffffff,1321.0794299098795
760,8575238bfffffff,553.399549362623
761,8575238ffffffff,273.82347085035855
762,85752393fffffff,1637.927674702062
763,85752397fffffff,2140.077165574869
764,8575239bfffffff,741.4048122875059
765,857523a3fffffff,273.97758617707075
766,857523a7fffffff,2724.9857167717787
767,857523abfffffff,224.45440744876822
768,857523affffffff,671.16158946456
769,857523b3fffffff,1141.7079020513634
770,857523b7fffffff,5053.768847587223
771,857523bbfffffff,221.4905137927738
772,857523c3fffffff,565.5133704446295
773,857523c7fffffff,499.6488921655872
774,857523cbfffffff,4477.106413733653
775,857523cffffffff,769.0397673060994
776,857523d3fffffff,32.016319771841836
777,857523d7fffffff,1167.9323800022055
778,857523dbfffffff,524.4154910165013
779,85752403fffffff,9549.522447081503
780,85752407fffffff,11587.913608053646
781,8575240bfffffff,6711.037969901127
782,8575240ffffffff,1268.257547231425
783,85752413fffffff,5970.580249492872
784,85752417fffffff,17174.774294642986
785,8575241bfffffff,2182.690915727222
786,85752423fffffff,3492.344266248371
787,85752427fffffff,983.3911146985004
788,8575242bfffffff,1622.7216118708266
789,8575242ffffffff,1270.3472506431272
790,85752433fffffff,6982.819006384655
791,85752437fffffff,816.5224481652028
792,8575243bfffffff,11059.870103097846
793,85752443fffffff,890.6520389325609
794,85752447fffffff,963.2315380600942
795,8575244bfffffff,620.2210705388139
796,8575244ffffffff,3032.840939279955
797,85752453fffffff,1895.6660879292288
798,85752457fffffff,134.57752613240064
799,8575245bfffffff,2673.6838871762207
800,85752463fffffff,89.86523411737485
801,85752467fffffff,29.571711451478876
802,8575246bfffffff,1067.6758229430698
803,8575246ffffffff,60.25184070092568
804,85752473fffffff,2666.0777462758624
805,85752477fffffff,47.436301221913865
806,8575247bfffffff,4875.508774333033
807,85752483fffffff,2682.224011762149
808,85752487fffffff,15069.82386425089
809,8575248bfffffff,20946.39336971774
810,8575248ffffffff,8061.816090902803
811,85752493fffffff,1440.410942111702
812,85752497fffffff,6103.298135925949
813,8575249bfffffff,19636.184009433025
814,857524a3fffffff,3373.7599207373296
815,857524a7fffffff,13857.34005137874
816,857524abfffffff,3210.8227002457493
817,857524affffffff,531.7783089232676
818,857524b3fffffff,4402.857538459534
819,857524b7fffffff,2204.920983955877
820,857524bbfffffff,5883.241269181493
821,857524c3fffffff,1191.7453473729283
822,857524c7fffffff,4933.342893792232
823,857524cbfffffff,39.44711512403079
824,857524cffffffff,599.0422797755808
825,857524d3fffffff,826.0423496498498
826,857524d7fffffff,7310.412118491
827,857524dbfffffff,458.0210096848191
828,85752503fffffff,114420.37886915657
829,85752507fffffff,7749.045056741114
830,8575250bfffffff,586123.0906960865
831,8575250ffffffff,88318.09850990193
832,85752513fffffff,27552.435352725337
833,85752517fffffff,4368.397917928801
834,8575251bfffffff,55265.171754678646
835,85752523fffffff,1560.887122235227
836,85752527fffffff,1417.4773160333016
837,8575252bfffffff,1225.1755631578756
838,8575252ffffffff,1084.2250932660725
839,85752533fffffff,5611.396803893778
840,85752537fffffff,4424.400882096701
841,8575253bfffffff,3766.300877878423
842,85752543fffffff,28496.096789085503
843,85752547fffffff,81495.5711277184
844,8575254bfffffff,11483.868052514355
845,8575254ffffffff,16720.884350125747
846,85752553fffffff,12169.061151274238
847,85752557fffffff,63407.36558622553
848,8575255bfffffff,9967.165462828907
849,85752563fffffff,10313.076450987128
850,85752567fffffff,1807.6455095025292
851,8575256bfffffff,13455.724405113862
852,8575256ffffffff,3047.7383486651415
853,85752573fffffff,27438.76493346379
854,85752577fffffff,3240.5999948701783
855,8575257bfffffff,13305.80420074972
856,85752583fffffff,3115.919827305323
857,85752587fffffff,3579.985626192253
858,8575258bfffffff,12408.151398144872
859,8575258ffffffff,9801.859044395216
860,85752593fffffff,6923.995348405688
861,85752597fffffff,2592.7896045078537
862,8575259bfffffff,3310.245601987903
863,857525a3fffffff,3783.1644325367542
864,857525a7fffffff,4284.032702670695
865,857525abfffffff,2733.895409586518
866,857525affffffff,722.4325307814897
867,857525b3fffffff,18648.011599821773
868,857525b7fffffff,10411.944929248923
869,857525bbfffffff,5048.75962621461
870,857525c3fffffff,7319.643881686618
871,857525c7fffffff,77077.9042666363
872,857525cbfffffff,2438.1371278007955
873,857525cffffffff,9488.659137653387
874,857525d3fffffff,15736.240520698795
875,857525d7fffffff,5736.687472348993
876,857525dbfffffff,3128.543555472002
877,85752603fffffff,4686.443832300297
878,85752607fffffff,4510.050148617757
879,8575260bfffffff,10935.674787330308
880,8575260ffffffff,7675.181491397212
881,85752613fffffff,9011.769553677093
882,85752617fffffff,2904.0833444713858
883,8575261bfffffff,6204.333150883869
884,85752623fffffff,10832.222156169699
885,85752627fffffff,1819.8193465301047
886,8575262bfffffff,11088.734880250942
887,8575262ffffffff,3142.168151751957
888,85752633fffffff,9627.494584260388
889,85752637fffffff,2519.962091051961
890,8575263bfffffff,14319.143006155024
891,85752643fffffff,18000.114932919554
892,85752647fffffff,23414.967478911818
893,8575264bfffffff,4248.860093812395
894,8575264ffffffff,6689.971594028656
895,85752653fffffff,16834.14311637502
896,85752657fffffff,11046.177204920676
897,8575265bfffffff,7018.367804489476
898,85752663fffffff,17068.402200364057
899,85752667fffffff,17012.971415660897
900,8575266bfffffff,11935.886524102809
901,8575266ffffffff,11915.971271063501
902,85752673fffffff,189971.8604367976
903,85752677fffffff,25662.761945069436
904,8575267bfffffff,14382.723385575138
905,85752683fffffff,160.9583953573896
906,85752687fffffff,4654.51595765805
907,8575268bfffffff,1223.2507609284562
908,8575268ffffffff,2780.237230843021
909,85752693fffffff,3441.814882901078
910,85752697fffffff,7671.686617377683
911,8575269bfffffff,1205.5899659851211
912,857526a3fffffff,2029.0992811834637
913,857526a7fffffff,2354.4032133550936
914,857526abfffffff,4161.687552930214
915,857526affffffff,1129.5380806148096
916,857526b3fffffff,8456.845793500255
917,857526b7fffffff,4075.086753322064
918,857526bbfffffff,1711.555979401877
919,857526c3fffffff,8507.970735432515
920,857526c7fffffff,4337.248283070105
921,857526cbfffffff,12028.05601532265
922,857526cffffffff,16969.22615965137
923,857526d3fffffff,8981.057165762886
924,857526d7fffffff,2093.8531224289836
925,857526dbfffffff,10212.768122703288
926,85752803fffffff,1034.1106813067058
927,85752807fffffff,6025.682284518724
928,8575280bfffffff,3104.338443201567
929,8575280ffffffff,1086.29856339383
930,85752813fffffff,1525.764296403773
931,85752817fffffff,1319.0125935474607
932,8575281bfffffff,4174.241911670101
933,85752823fffffff,67543.52348654717
934,85752827fffffff,19555.591815809094
935,8575282bfffffff,132365.75493246317
936,8575282ffffffff,44810.474745752515
937,85752833fffffff,14858.59083611246
938,85752837fffffff,7393.328299995985
939,8575283bfffffff,34816.33423663402
940,85752843fffffff,10741.822543364791
941,85752847fffffff,5868.693426251724
942,8575284bfffffff,20837.74211782222
943,8575284ffffffff,33805.798733047806
944,85752853fffffff,6069.816039511536
945,85752857fffffff,7237.191450020592
946,8575285bfffffff,3878.690507223122
947,85752863fffffff,11917.600852928348
948,85752867fffffff,29753.940077379997
949,8575286bfffffff,38329.356890534495
950,8575286ffffffff,47064.715768824506
951,85752873fffffff,3507.5274910020985
952,85752877fffffff,8906.873618386117
953,8575287bfffffff,59233.177749208146
954,85752883fffffff,2647.4193105015
955,85752887fffffff,6593.686420322234
956,8575288bfffffff,1723.6715492462897
957,8575288ffffffff,4315.887987297243
958,85752893fffffff,24.801297217696252
959,85752897fffffff,624.6573459113865
960,8575289bfffffff,771.7717475406378
961,857528a3fffffff,3200.157797796307
962,857528a7fffffff,6261.187222698977
963,857528abfffffff,4669.802153571233
964,857528affffffff,12214.52893899167
965,857528b3fffffff,19321.37219772368
966,857528b7fffffff,4059.5799716656693
967,857528bbfffffff,2403.5077892115733
968,857528c3fffffff,1097.2828983115635
969,857528c7fffffff,1034.8646943049514
970,857528cbfffffff,177.2495272760742
971,857528cffffffff,9838.13588921262
972,857528d3fffffff,1939.5723691896987
973,857528d7fffffff,742.4618652291452
974,857528dbfffffff,1831.0542304779929
975,85752903fffffff,124198.33822822571
976,85752907fffffff,63114.671189447894
977,8575290bfffffff,114086.30203449726
978,8575290ffffffff,120411.12885616263
979,85752913fffffff,20696.29571924607
980,85752917fffffff,84437.75091497332
981,8575291bfffffff,18257.903370065662
982,85752923fffffff,258369.34756620726
983,85752927fffffff,718242.0753679276
984,8575292bfffffff,188355.65941476822
985,8575292ffffffff,834832.0389315287
986,85752933fffffff,65132.2740017
987,85752937fffffff,176323.32342485618
988,8575293bfffffff,90033.7905970417
989,85752943fffffff,28705.615312060796
990,85752947fffffff,36198.91270858088
991,8575294bfffffff,25467.443334908967
992,8575294ffffffff,32211.624110621608
993,85752953fffffff,73378.42664612143
994,85752957fffffff,98030.03770482542
995,8575295bfffffff,37977.790986223015
996,85752963fffffff,47954.09818969444
997,85752967fffffff,294555.5258259778
998,8575296bfffffff,28520.907355497446
999,8575296ffffffff,63817.56337030729
1000,85752973fffffff,107017.96297065417
1001,85752977fffffff,27798.90195242564
1002,8575297bfffffff,50390.088246087245
1003,85752983fffffff,9005.752003973623
1004,85752987fffffff,93925.04892599818
1005,8575298bfffffff,35693.50923915801
1006,8575298ffffffff,18157.016883224584
1007,85752993fffffff,2057.0656986574845
1008,85752997fffffff,19367.53425274492
1009,8575299bfffffff,3796.6187903078085
1010,857529a3fffffff,8671.48785934469
1011,857529a7fffffff,8579.998293223662
1012,857529abfffffff,25525.164908699728
1013,857529affffffff,5438.517302892131
1014,857529b3fffffff,19814.404685340654
1015,857529b7fffffff,14283.056589386606
1016,857529bbfffffff,131145.45025578164
1017,857529c3fffffff,11720.902404924234
1018,857529c7fffffff,17069.34934167164
1019,857529cbfffffff,4780.954680105545
1020,857529cffffffff,46441.17357448783
1021,857529d3fffffff,7437.929313472454
1022,857529d7fffffff,17120.21510568548
1023,857529dbfffffff,9820.146584293558
1024,85752a03fffffff,54113.18061357746
1025,85752a07fffffff,499818.52123665815
1026,85752a0bfffffff,30009.801930398375
1027,85752a0ffffffff,47267.08797621727
1028,85752a13fffffff,32799.896270891055
1029,85752a17fffffff,92415.92163995902
1030,85752a1bfffffff,16469.683328429936
1031,85752a23fffffff,312534.61334911984
1032,85752a27fffffff,79074.17650868415
1033,85752a2bfffffff,35967.11424773989
1034,85752a2ffffffff,58564.381475478156
1035,85752a33fffffff,1223935.2661151886
1036,85752a37fffffff,87573.56277923779
1037,85752a3bfffffff,575484.457407455
1038,85752a43fffffff,35162.37134626508
1039,85752a47fffffff,13339.800016712064
1040,85752a4bfffffff,37554.975274684584
1041,85752a4ffffffff,18585.451943238575
1042,85752a53fffffff,81758.42242366083
1043,85752a57fffffff,32243.006763369263
1044,85752a5bfffffff,13438.149435194453
1045,85752a63fffffff,19339.56967751393
1046,85752a67fffffff,28497.07427261299
1047,85752a6bfffffff,4036.6938363618374
1048,85752a6ffffffff,28492.286939183872
1049,85752a73fffffff,29062.894385715324
1050,85752a77fffffff,60149.19512271881
1051,85752a7bfffffff,8547.396495830013
1052,85752a83fffffff,19605.446906786503
1053,85752a87fffffff,118929.52695432506
1054,85752a8bfffffff,16739.296932373578
1055,85752a8ffffffff,41602.91371359447
1056,85752a93fffffff,10971.140621443712
1057,85752a97fffffff,11082.458254532268
1058,85752a9bfffffff,29618.773560397327
1059,85752aa3fffffff,104895.70924437295
1060,85752aa7fffffff,14442.132953505728
1061,85752aabfffffff,233069.96850212416
1062,85752aaffffffff,151985.57857755868
1063,85752ab3fffffff,37799.51020623401
1064,85752ab7fffffff,22168.922965333284
1065,85752abbfffffff,88557.30950270192
1066,85752ac3fffffff,32377.76643685872
1067,85752ac7fffffff,35729.078291538266
1068,85752acbfffffff,11326.849910816785
1069,85752acffffffff,20715.48082286378
1070,85752ad3fffffff,8141.509168568237
1071,85752ad7fffffff,9207.241093112894
1072,85752adbfffffff,49035.421863062016
1073,85752b03fffffff,38139.85704759595
1074,85752b07fffffff,26907.035039856037
1075,85752b0bfffffff,13974.649544805518
1076,85752b0ffffffff,23887.77289635962
1077,85752b13fffffff,14129.312335492275
1078,85752b17fffffff,15072.07601396272
1079,85752b1bfffffff,13053.580882820357
1080,85752b23fffffff,30055.004760485073
1081,85752b27fffffff,47979.685420231115
1082,85752b2bfffffff,17244.91691602712
1083,85752b2ffffffff,17325.702647647908
1084,85752b33fffffff,151041.4991457688
1085,85752b37fffffff,9484.81610750687
1086,85752b3bfffffff,8490.703047725736
1087,85752b43fffffff,32466.998634128817
1088,85752b47fffffff,59441.79687830771
1089,85752b4bfffffff,193717.51190212398
1090,85752b4ffffffff,13520.232320315774
1091,85752b53fffffff,17213.665039797983
1092,85752b57fffffff,13113.617918045027
1093,85752b5bfffffff,45755.267247623204
1094,85752b63fffffff,43120.51359893637
1095,85752b67fffffff,40214.36428120198
1096,85752b6bfffffff,22014.77763317172
1097,85752b6ffffffff,11289.611545474982
1098,85752b73fffffff,24101.825400056856
1099,85752b77fffffff,16737.301122139615
1100,85752b7bfffffff,10785.83155282016
1101,85752b83fffffff,12033.467130749272
1102,85752b87fffffff,43144.663550376645
1103,85752b8bfffffff,54399.90726494881
1104,85752b8ffffffff,12795.17973595781
1105,85752b93fffffff,22868.23106597048
1106,85752b97fffffff,8393.197056636875
1107,85752b9bfffffff,20661.544865801952
1108,85752ba3fffffff,62284.16021005558
1109,85752ba7fffffff,98878.65040950221
1110,85752babfffffff,24733.38467025036
1111,85752baffffffff,29757.243352139416
1112,85752bb3fffffff,19235.942202114282
1113,85752bb7fffffff,11950.151386638823
1114,85752bbbfffffff,56664.09320913111
1115,85752bc3fffffff,21823.455221533946
1116,85752bc7fffffff,10620.463467735815
1117,85752bcbfffffff,21269.991703956402
1118,85752bcffffffff,36921.273808468504
1119,85752bd3fffffff,84882.00590509194
1120,85752bd7fffffff,28124.01404869702
1121,85752bdbfffffff,22627.987664324948
1122,85752c03fffffff,8102.209620715642
1123,85752c07fffffff,3759.9822708778784
1124,85752c0bfffffff,27785.83326554467
1125,85752c0ffffffff,3202.609242411692
1126,85752c13fffffff,2831.8624467209434
1127,85752c17fffffff,10054.810643648974
1128,85752c1bfffffff,3028.8659819966824
1129,85752c23fffffff,6.235842823982239
1130,85752c27fffffff,53.799054622995584
1131,85752c2bfffffff,11.629046628882762
1132,85752c2ffffffff,6.119582593444139
1133,85752c37fffffff,1.7279068231582642
1134,85752c3bfffffff,5.105805754671914
1135,85752c43fffffff,2249.7823509386103
1136,85752c47fffffff,22275.287411299254
1137,85752c4bfffffff,5885.910691303079
1138,85752c4ffffffff,3331.7359506752305
1139,85752c53fffffff,2158.164679711498
1140,85752c57fffffff,1718.329981962862
1141,85752c5bfffffff,27245.52846085093
1142,85752c63fffffff,670.1681566745626
1143,85752c67fffffff,17.087538580753936
1144,85752c6bfffffff,1722.621564213003
1145,85752c6ffffffff,903.0916971271255
1146,85752c73fffffff,6690.122141483475
1147,85752c77fffffff,1087.3772288750235
1148,85752c7bfffffff,3549.4554854479484
1149,85752c83fffffff,6070.273822212519
1150,85752c87fffffff,3655.267305870547
1151,85752c8bfffffff,3018.0101455881845
1152,85752c8ffffffff,2062.4657550505945
1153,85752c93fffffff,22615.408877052232
1154,85752c97fffffff,11534.108546044423
1155,85752c9bfffffff,5604.741924018724
1156,85752ca3fffffff,2747.3334078500757
1157,85752ca7fffffff,2123.839124263578
1158,85752cabfffffff,2866.276387116541
1159,85752caffffffff,1307.5343931598045
1160,85752cb3fffffff,36531.59434778751
1161,85752cb7fffffff,2296.126388112207
1162,85752cbbfffffff,26117.016447449223
1163,85752cc3fffffff,3380.786562744004
1164,85752cc7fffffff,1145.947890248483
1165,85752ccbfffffff,16182.605793045375
1166,85752ccffffffff,932.0078867197122
1167,85752cd3fffffff,2548.6771702643405
1168,85752cd7fffffff,2600.1691566141135
1169,85752cdbfffffff,81028.58321484693
1170,85752d03fffffff,1566.292871316643
1171,85752d07fffffff,17204.0966368662
1172,85752d0bfffffff,5117.664035303527
1173,85752d0ffffffff,2465.803042477292
1174,85752d13fffffff,1136.0881579378654
1175,85752d17fffffff,66012.78243771303
1176,85752d1bfffffff,5611.553234071715
1177,85752d23fffffff,30614.621650318823
1178,85752d27fffffff,13487.35523409518
1179,85752d2bfffffff,20395.390067266475
1180,85752d2ffffffff,39641.65534319681
1181,85752d33fffffff,34577.91840996712
1182,85752d37fffffff,57937.777098242914
1183,85752d3bfffffff,5578.8568636190275
1184,85752d43fffffff,2990.7206981696877
1185,85752d47fffffff,4370.355142319991
1186,85752d4bfffffff,1293.0816170690316
1187,85752d4ffffffff,10953.002576015162
1188,85752d53fffffff,1251.392414614936
1189,85752d57fffffff,36146.300177697405
1190,85752d5bfffffff,329.3234961437204
1191,85752d63fffffff,1518.221091017127
1192,85752d67fffffff,1579.3521705567837
1193,85752d6bfffffff,3079.3725844983487
1194,85752d6ffffffff,1205.1465715567272
1195,85752d73fffffff,5277.785264097219
1196,85752d77fffffff,4918.771624669194
1197,85752d7bfffffff,803.2827971782012
1198,85752d83fffffff,13111.561807687942
1199,85752d87fffffff,31573.45052818497
1200,85752d8bfffffff,1460.6109631508589
1201,85752d8ffffffff,27962.517890864372
1202,85752d93fffffff,6892.26604866377
1203,85752d97fffffff,97986.96206324536
1204,85752d9bfffffff,14299.143484670887
1205,85752da3fffffff,28445.07581827246
1206,85752da7fffffff,9576.170879424659
1207,85752dabfffffff,25126.553604649074
1208,85752daffffffff,16277.498220916592
1209,85752db3fffffff,17319.64062611406
1210,85752db7fffffff,35.55088973045349
1211,85752dbbfffffff,26951.302958689153
1212,85752dc3fffffff,2524.932360691384
1213,85752dc7fffffff,3515.9309966781575
1214,85752dcbfffffff,67.22445378703428
1215,85752dcffffffff,4642.333992643737
1216,85752dd3fffffff,1689.9567391482126
1217,85752dd7fffffff,2632.859407736922
1218,85752ddbfffffff,321.38921640416913
1219,85752e03fffffff,1834.2477611649085
1220,85752e07fffffff,1917.548816979419
1221,85752e0bfffffff,6479.291186792266
1222,85752e0ffffffff,1973.7617205491858
1223,85752e13fffffff,2569.2172203073865
1224,85752e17fffffff,4634.839468808943
1225,85752e1bfffffff,1681.7773537670116
1226,85752e23fffffff,63805.851949852025
1227,85752e27fffffff,2972.6673836713394
1228,85752e2bfffffff,34963.73319455166
1229,85752e2ffffffff,6224.163347046883
1230,85752e33fffffff,21479.649726838325
1231,85752e37fffffff,3195.7391302303913
1232,85752e3bfffffff,4067.4097174628187
1233,85752e43fffffff,29025.400201202385
1234,85752e47fffffff,20946.243631129266
1235,85752e4bfffffff,13145.924572667009
1236,85752e4ffffffff,17662.623616459252
1237,85752e53fffffff,40642.9410756342
1238,85752e57fffffff,5293.445070905176
1239,85752e5bfffffff,7304.186204313926
1240,85752e63fffffff,28209.90894139922
1241,85752e67fffffff,8339.174410382991
1242,85752e6bfffffff,27340.9844799553
1243,85752e6ffffffff,14140.83450849911
1244,85752e73fffffff,6498.661770106678
1245,85752e77fffffff,6241.454516742035
1246,85752e7bfffffff,57992.164603174904
1247,85752e83fffffff,9582.942700575884
1248,85752e87fffffff,3048.7108926089218
1249,85752e8bfffffff,10589.740523508695
1250,85752e8ffffffff,1947.1635963358124
1251,85752e93fffffff,2227.863576125106
1252,85752e97fffffff,6756.979023030401
1253,85752e9bfffffff,4287.613979017966
1254,85752ea3fffffff,7717.4767127845935
1255,85752ea7fffffff,1228.7474019456424
1256,85752eabfffffff,4813.381492360788
1257,85752eaffffffff,3790.0127407132054
1258,85752eb3fffffff,99841.33033055076
1259,85752eb7fffffff,3361.5000653684074
1260,85752ebbfffffff,3765.7855927658447
1261,85752ec3fffffff,4254.190111141328
1262,85752ec7fffffff,8676.916853518318
1263,85752ecbfffffff,90789.48098496166
1264,85752ecffffffff,11563.687133194371
1265,85752ed3fffffff,1427.642969118926
1266,85752ed7fffffff,2591.000222992153
1267,85752edbfffffff,7967.648474101418
1268,85753597fffffff,59.32369752724965
1269,857535a7fffffff,3.806689898173014
1270,857535b7fffffff,6123.568442030116
1271,8575745bfffffff,193512.20749378204
1272,857574cbfffffff,29861.373021125793
1273,857574d3fffffff,21362.788542131984
1274,857574dbfffffff,20035.13429140124
1275,85757603fffffff,9814.185457785925
1276,8575760bfffffff,96761.29596644653
1277,85757613fffffff,87730.07419347763
1278,8575761bfffffff,68659.17253220177
1279,85757643fffffff,47941.332335008745
1280,85757647fffffff,51761.314738954534
1281,8575764bfffffff,64128.412461696345
1282,8575764ffffffff,43417.958345362844
1283,85757653fffffff,41467.25950793646
1284,85757657fffffff,42961.445044996944
1285,8575765bfffffff,67131.24522962712
1286,85757673fffffff,13866.29963717858
1287,8575767bfffffff,25950.095090372284
1288,85757683fffffff,995761.8227004415
1289,8575768bfffffff,713841.4711503187
1290,8575768ffffffff,53562.25294844309
1291,85757693fffffff,1041498.0729866028
1292,85757697fffffff,934214.0883478323
1293,8575769bfffffff,153373.77634867094
1294,857576c3fffffff,37026.66089023153
1295,857576c7fffffff,61532.74991218252
1296,857576cbfffffff,51424.33356608134
1297,857576cffffffff,196099.32690695685
1298,857576d3fffffff,45073.653321929334
1299,857576d7fffffff,93841.50315267564
1300,857576dbfffffff,40159.09372866341
